id,level,category,topic,title,rule,explanation,correct_example_1,correct_example_2,incorrect_example,corrected_example,error_reason,keywords
a1-subject-pronouns-i-you-he-she-it-we-they,A1,pronouns,subject pronouns,Subject pronouns before the verb,"Use subject pronouns such as I, you, he, she, it, we, and they before the verb.",Subject pronouns replace nouns and show who does the action.,She works in a bank.,They live in London.,Her works in a bank.,She works in a bank.,"Her is an object pronoun, not a subject pronoun.","subject pronouns, i you he she it we they, pronouns"
a1-verb-be-present,A1,verbs,verb be,Present form of be,"Use am with I, is with he, she, and it, and are with you, we, and they.",The verb be changes with the subject.,I am tired.,They are ready.,She are happy.,She is happy.,"She takes is, not are.","verb be, am is are, be"
a1-verb-be-negatives,A1,verbs,verb be,Negative form of be,"Form negatives with am not, is not, or are not.",Add not after the correct form of be.,He is not at home.,We are not late.,I not am hungry.,I am not hungry.,The negative comes after am: am not.,"am not, is not, are not, negative be"
a1-verb-be-questions,A1,verbs,verb be,Questions with be,"In questions, put am, is, or are before the subject.",Invert the subject and the verb be.,Are you from Spain?,Is he your brother?,You are from Spain?,Are you from Spain?,Questions with be need inversion.,"questions with be, are you, is he, am i"
a1-articles-a-an-the,A1,articles,articles,"Using a, an, and the","Use a before consonant sounds, an before vowel sounds, and the for specific things.",Choose the article by sound and meaning.,She has a car.,He is an engineer.,I bought an book.,I bought a book.,"Book begins with a consonant sound, so use a.","a an the, articles"
a1-plurals-regular,A1,nouns,plurals,Regular plural nouns,Add -s to make most plural nouns.,Use the plural form for more than one person or thing.,two cats,many desks,three cat,three cats,Plural nouns usually need -s.,"plurals, regular plurals, add s"
a1-plurals-spelling-changes,A1,nouns,plurals,Plural spelling changes,"Some nouns add -es, change y to ies, or have irregular plural forms.",Not all plurals are made the same way.,boxes and babies,children and men,two boxs,two boxes,Words ending in -x usually take -es.,"plurals, boxes, babies, irregular plurals"
a1-present-simple-habit,A1,tenses,present simple,Present simple for habits,"Use the present simple for routines, facts, and habits.",It describes things that happen regularly or are generally true.,We go to work by bus.,The sun rises in the east.,We are go to work by bus.,We go to work by bus.,The present simple does not use are with a main verb like go.,"present simple, habits, routines, facts"
a1-present-simple-third-person,A1,tenses,present simple,Third person singular present simple,"Add -s or -es to the verb with he, she, or it in the present simple.",The verb changes for third person singular.,She works from home.,It rains a lot here.,He work in a shop.,He works in a shop.,He takes the third person singular verb form.,"third person singular, present simple, s es"
a1-present-simple-do-does-negatives,A1,tenses,present simple,Do and does in negatives,Use do not or does not with the base verb in present simple negatives.,Do not change the main verb after do or does.,I do not like coffee.,She does not play tennis.,She does not plays tennis.,She does not play tennis.,"After does not, use the base verb play.","do not, does not, negatives, present simple"
a1-present-simple-questions,A1,tenses,present simple,Questions with do and does,Use do or does before the subject in present simple questions.,Do and does help make questions in the present simple.,Do you speak English?,Does he work here?,You speak English?,Do you speak English?,Present simple questions usually need do or does.,"do does questions, present simple"
a1-adjectives-order,A1,adjectives,adjective order,Adjectives before nouns,Put adjectives before nouns in English.,The adjective describes the noun.,a small house,an interesting book,a house small,a small house,Adjectives usually come before the noun.,"adjectives, order, before nouns"
a1-there-is-there-are,A1,structures,there is there are,There is and there are,Use there is for one thing and there are for more than one.,Choose the form by number.,There is a table in the room.,There are two chairs here.,There is two chairs here.,There are two chairs here.,"Two chairs is plural, so use there are.","there is, there are, singular plural"
a1-this-that-these-those,A1,demonstratives,demonstratives,"This, that, these, and those","Use this and these for near things, and that and those for farther things.",Singular words are this and that; plural words are these and those.,This is my pen.,Those are my shoes.,This are my shoes.,Those are my shoes.,"This is singular, but shoes is plural.","this that these those, demonstratives"
a1-possessive-adjectives,A1,pronouns,possessive adjectives,Possessive adjectives,"Use my, your, his, her, its, our, and their before nouns.",Possessive adjectives show who owns something.,This is my phone.,Their house is big.,This is me phone.,This is my phone.,Use possessive adjectives before nouns.,"possessive adjectives, my your his her its our their"
a2-countable-uncountable-nouns,A2,nouns,countable and uncountable nouns,Countable and uncountable nouns,Countable nouns can be singular or plural. Uncountable nouns are not usually plural.,Do not add a plural -s to most uncountable nouns.,a banana / two bananas,some rice / much rice,two rices,some rice,"Rice is uncountable, so it is not usually plural.","countable uncountable nouns, singular plural, rice"
a2-some-any,A2,determiners,some and any,Some and any,Use some in positive sentences and any in questions and negatives.,Some is common in offers and requests too.,I have some milk.,Do you have any money?,I do not have some milk.,I do not have any milk.,Any is normally used in negatives.,"some any, questions negatives"
a2-a-an-with-singular-countable,A2,articles,articles,A and an with singular countable nouns,Use a or an with singular countable nouns when the noun is not specific.,Do not use a/an with plural or uncountable nouns.,a teacher,an apple,an teachers,a teacher,"Teachers is plural, so do not use an with it.","a an, singular countable nouns"
a2-the-with-specific-things,A2,articles,definite article,The for specific nouns,Use the when both speaker and listener know which person or thing is meant.,The points to a specific noun.,The book on the table is mine.,"Open the window, please.","Open window, please.","Open the window, please.",A specific window needs the.,"the, definite article, specific noun"
a2-present-continuous-now,A2,tenses,present continuous,Present continuous for now,Use am/is/are + verb-ing for actions happening now or around now.,It describes temporary actions and current situations.,She is reading at the moment.,They are staying with friends this week.,She reads at the moment.,She is reading at the moment.,An action happening now usually needs the present continuous.,"present continuous, now, am is are ing"
a2-present-simple-vs-continuous,A2,tenses,present simple versus present continuous,Present simple or present continuous,Use the present simple for routines and the present continuous for temporary actions.,Choose the tense by meaning.,I work every day. / I am working today.,She usually walks to school. / She is walking now.,I am working every day.,I work every day.,A regular routine usually takes the present simple.,"present simple, present continuous, routines, temporary"
a2-past-simple-regular,A2,tenses,past simple,Past simple regular verbs,Add -ed to regular verbs in the past simple.,Use the past simple for finished actions in the past.,We watched a film last night.,He cleaned the kitchen yesterday.,We watch a film last night.,We watched a film last night.,A finished past time needs the past simple form.,"past simple, regular verbs, -ed"
a2-past-simple-irregular,A2,tenses,past simple,Irregular past simple verbs,Some common verbs have irregular past forms and do not add -ed.,Learn the past forms of common irregular verbs.,go → went,have → had,Yesterday I goed to work.,Yesterday I went to work.,Go has an irregular past form: went.,"irregular verbs, went, had, past simple"
a2-past-simple-negative-question,A2,tenses,past simple,Past simple negatives and questions,Use did not and did with the base verb in past simple negatives and questions.,"After did, use the base form of the verb.",I did not see him.,Did they arrive on time?,Did they arrived on time?,Did they arrive on time?,"After did, use the base verb arrive.","did not, did, past simple questions"
a2-future-going-to,A2,tenses,future forms,Be going to for plans,Use be going to for planned future actions and for strong predictions based on evidence.,It often refers to intention or clear signs.,We are going to visit my parents tomorrow.,Look at those clouds. It is going to rain.,We go to visit my parents tomorrow.,We are going to visit my parents tomorrow.,Future plans usually need be going to or another future form.,"going to, future plans, predictions"
a2-future-will,A2,tenses,future forms,Will for decisions and predictions,"Use will for spontaneous decisions, offers, and predictions.",Will is often used at the moment of speaking.,I will help you with that.,I think it will be busy today.,I am helping you with that tomorrow.,I will help you with that.,A spontaneous offer or decision often uses will.,"will, future predictions, offers, decisions"
a2-comparatives-short-adjectives,A2,adjectives,comparatives,Comparatives with short adjectives,"Use -er for many short adjectives, or more with longer adjectives.","Comparatives compare two people, places, or things.",This bag is cheaper than that one.,She is more careful than her brother.,This bag is more cheap than that one.,This bag is cheaper than that one.,"Cheap is a short adjective, so use cheaper.","comparatives, -er, more than"
a2-superlatives-short-adjectives,A2,adjectives,superlatives,Superlatives with adjectives,"Use -est for many short adjectives, or the most with longer adjectives.",Superlatives compare one thing with a group.,It is the smallest room in the house.,She is the most careful driver here.,It is the more small room in the house.,It is the smallest room in the house.,Small takes the superlative form smallest.,"superlatives, -est, the most"
a2-must-for-necessity,A2,modal verbs,modal verbs,Must for necessity,Use must for strong necessity or obligation.,It shows something is necessary.,You must wear a seat belt.,I must call my mother tonight.,You must to wear a seat belt.,You must wear a seat belt.,Do not use to after must.,"must, necessity, obligation"
a2-have-to-for-obligation,A2,modal verbs,modal verbs,Have to for obligation,Use have to for rules and outside obligations.,It often means the obligation comes from another person or rule.,I have to start work at eight.,She has to wear a uniform.,I have start work at eight.,I have to start work at eight.,Have to needs to before the verb.,"have to, obligation, rules"
a2-can-for-ability-and-permission,A2,modal verbs,modal verbs,Can for ability and permission,Use can to talk about ability or to ask for and give permission.,Can does not change with the subject.,I can swim.,Can we leave now?,He cans play the piano.,He can play the piano.,Can does not take -s.,"can, ability, permission"
a2-mustnt-and-dont-have-to,A2,modal verbs,modal verbs,Must not and do not have to,Must not means not allowed. Do not have to means not necessary.,These two forms have different meanings.,You must not smoke here.,You do not have to bring lunch.,You mustn't bring lunch because it is not necessary.,You do not have to bring lunch.,"Must not means prohibition, not lack of necessity.","must not, do not have to, prohibition, necessity"
a2-gerund-after-like-love-hate,A2,verbs,gerunds and infinitives,"Gerunds after like, love, and hate","Use the -ing form after like, love, and hate when they mean enjoyment or preference.",These verbs are often followed by a gerund.,I like reading.,She hates waiting.,I like to reading.,I like reading.,"After like, use the -ing form or a to-infinitive, not to reading.","gerund, -ing, like love hate"
a2-infinitive-after-want-need,A2,verbs,gerunds and infinitives,Infinitives after want and need,Use the to-infinitive after want and need.,These verbs are followed by to + verb.,I want to learn French.,We need to leave now.,I want learning French.,I want to learn French.,Want is followed by a to-infinitive.,"infinitive, to learn, want need"
a2-present-perfect-experience,A2,tenses,present perfect,Present perfect for life experience,Use have/has + past participle for experiences at an unspecified time.,The exact time is not important.,I have visited Rome.,She has never tried sushi.,I visited Rome before.,I have visited Rome.,Life experience often uses the present perfect when time is not specific.,"present perfect, experience, have has past participle"
a2-present-perfect-with-yet-already-just,A2,tenses,present perfect,"Yet, already, and just","Use yet in negative sentences and questions, already in positives, and just for very recent actions.",These words often go with the present perfect.,I have already finished.,Has he arrived yet?,I have finished yet.,I have not finished yet.,"Yet is usually used in negatives or questions, not positive statements.","yet already just, present perfect"
a2-present-perfect-vs-past-simple,A2,tenses,present perfect versus past simple,Present perfect or past simple,"Use the present perfect for unfinished time or life experience, and the past simple for finished past time.",Time expressions help you choose the tense.,I have seen that film. / I saw it yesterday.,She has lived here for years. / She moved here in 2020.,I have seen that film yesterday.,I saw that film yesterday.,"Yesterday is finished past time, so use the past simple.","present perfect, past simple, finished time, unfinished time"
a2-going-to-and-present-continuous-for-future,A2,tenses,future forms,Future plans with going to and present continuous,Use be going to or the present continuous for future arrangements and plans.,Both forms can talk about future intentions or fixed arrangements.,I am meeting Tom tomorrow.,We are going to buy a new sofa.,I meet Tom tomorrow.,I am meeting Tom tomorrow.,A future arrangement usually needs a future form.,"future arrangements, present continuous, going to"
a2-first-and-second-conditionals,A2,conditionals,conditionals,First and second conditional basics,Use the first conditional for possible future results and the second conditional for unreal or unlikely situations.,Choose the form by how possible the situation is.,"If it rains, we will stay at home.","If I had more time, I would travel.","If it will rain, we stay at home.","If it rains, we will stay at home.","In first conditional if-clauses, use the present simple, not will.","first conditional, second conditional, if clauses"
a2-zero-conditional,A2,conditionals,conditionals,Zero conditional for facts,Use the present simple in both clauses for general truths and facts.,This form describes something that is always true.,"If you heat water, it boils.","If people do not sleep, they feel tired.","If you heat water, it will boil.","If you heat water, it boils.",General truths usually use the present simple in both clauses.,"zero conditional, facts, general truths"
a2-passive-present-simple,A2,voice,passive voice,Present simple passive,Use am/is/are + past participle for the present simple passive.,"The focus is on the action or the result, not the person who does it.",English is spoken here.,These shoes are made in Italy.,English speaks here.,English is spoken here.,The passive needs be + past participle.,"passive voice, present simple passive, is spoken"
a2-passive-past-simple,A2,voice,passive voice,Past simple passive,Use was/were + past participle for the past simple passive.,It talks about a finished action when the doer is not important.,The car was repaired yesterday.,The letters were sent last week.,The car repaired yesterday.,The car was repaired yesterday.,The passive needs was or were plus a past participle.,"passive voice, past simple passive, was repaired"
a2-prepositions-time,A2,prepositions,time prepositions,Prepositions of time,"Use at for exact times, on for days and dates, and in for months, years, and longer periods.",Time prepositions depend on the type of time expression.,at six o'clock,on Monday / in April,in Monday,on Monday,Use on with days of the week.,"at on in, prepositions of time"
a2-prepositions-place,A2,prepositions,prepositions of place,Prepositions of place,"Use in for enclosed spaces, on for surfaces, and at for points or places.",Choose the preposition by position.,The keys are on the table.,She is at the station.,The keys are in the table.,The keys are on the table.,"A table is a surface, so use on.","prepositions of place, in on at"
b1-present-perfect-continuous,B1,tenses,present perfect continuous,Present perfect continuous for duration,Use have/has been + verb-ing to show an action that started in the past and continues now or has recently stopped.,It focuses on the length of time or recent activity.,I have been waiting for an hour.,She has been studying all morning.,I am waiting for an hour.,I have been waiting for an hour.,"For an action lasting up to now, use the present perfect continuous.","present perfect continuous, duration, have been ing"
b1-present-perfect-continuous-vs-simple,B1,tenses,present perfect continuous versus present perfect,Present perfect simple or continuous,Use the present perfect simple for completed results and the present perfect continuous for duration or recent activity.,Choose the form depending on what you want to emphasise.,I have finished my work. / I have been working all day.,She has written three emails. / She has been writing emails since lunch.,I have been finishing my work.,I have finished my work.,A completed result usually needs the present perfect simple.,"present perfect simple, present perfect continuous, result duration"
b1-past-simple-vs-present-perfect,B1,tenses,past simple versus present perfect,Past simple or present perfect in conversation,Use the past simple for finished time and the present perfect for life experience or unfinished time.,Words like yesterday and last year usually take the past simple.,I have been to Madrid. / I went there in 2022.,She has just arrived. / She arrived five minutes ago.,I have seen him yesterday.,I saw him yesterday.,"Yesterday is finished time, so use the past simple.","past simple, present perfect, finished time, experience"
b1-future-present-continuous-vs-going-to,B1,tenses,future forms,Future arrangements and intentions,Use the present continuous for fixed arrangements and going to for intentions or plans.,"Both can refer to the future, but they are used in slightly different ways.",We are meeting the client on Friday.,I am going to start a new course in September.,We meet the client on Friday.,We are meeting the client on Friday.,A fixed future arrangement needs a future form.,"future forms, present continuous, going to, arrangements"
b1-future-will-vs-going-to,B1,tenses,future forms,Will or going to,"Use will for immediate decisions and predictions, and going to for plans or evidence-based predictions.",The choice depends on the reason for the future form.,I think it will rain later.,Look at the sky. It is going to rain.,I am going to help you now.,I will help you now.,An immediate decision usually uses will.,"will, going to, predictions, immediate decisions"
b1-modals-of-deduction-present,B1,modal verbs,modal verbs,"Must, may, and might for deduction","Use must for a strong deduction, may or might for a possible deduction, and cannot for something that is impossible.",These modals show how certain you are.,He must be at work; his car is outside.,She might be at home.,He must to be at work.,He must be at work.,Do not use to after modal verbs.,"must may might cannot, deduction"
b1-modals-advice,B1,modal verbs,modal verbs,Should and ought to for advice,Use should or ought to to give advice or say what is right.,These modals are common in polite advice.,You should see a doctor.,We ought to leave early.,You should to see a doctor.,You should see a doctor.,Should is followed by the base verb.,"should, ought to, advice"
b1-modals-past-ability,B1,modal verbs,modal verbs,Could and was able to,Use could for general past ability and was able to for a specific successful action in the past.,Could is not usually used for one finished success.,"When I was young, I could run fast.",She was able to open the window.,She could open the window after trying for an hour.,She was able to open the window after trying for an hour.,A specific past success usually uses was able to.,"could, was able to, past ability"
b1-gerund-and-infinitive-after-remember-forget-stop,B1,verbs,gerunds and infinitives,"Remember, forget, and stop",Remember and forget can be followed by a gerund or infinitive with different meanings. Stop usually changes meaning too.,The verb form changes the meaning.,I remember locking the door. / Please remember to lock the door.,He stopped smoking. / He stopped to smoke.,I remember to lock the door yesterday.,I remembered to lock the door yesterday.,"For a past event, remembered is needed, not remember.","remember forget stop, gerund infinitive, meaning"
b1-gerund-after-prepositions,B1,verbs,gerunds and infinitives,Gerunds after prepositions,Use the -ing form after a preposition.,"After in, for, at, about, and similar words, use a gerund.",She is interested in learning French.,He left without saying goodbye.,She is interested in learn French.,She is interested in learning French.,"After a preposition, use the -ing form.","gerund after preposition, interested in, without saying"
b1-infinitive-with-to-after-adjectives,B1,verbs,gerunds and infinitives,Infinitive after adjectives,Use a to-infinitive after many adjectives.,"Common patterns include happy to, easy to, and difficult to.",It is easy to understand.,She was happy to help.,It is easy understanding.,It is easy to understand.,"After many adjectives, use to + verb.","to-infinitive, adjectives, easy to"
b1-passive-with-modal-verbs,B1,voice,passive voice,Passive with modal verbs,Use modal verb + be + past participle in the passive.,This form is common in rules and formal writing.,The report must be finished today.,Applications should be sent online.,The report must finished today.,The report must be finished today.,The passive after a modal needs be plus a past participle.,"passive voice, modal verbs, must be finished"
b1-passive-with-present-perfect,B1,voice,passive voice,Passive with present perfect,Use have/has been + past participle in the passive present perfect.,It describes a result up to now.,The room has been cleaned.,The emails have been sent.,The room has cleaned.,The room has been cleaned.,The passive perfect form needs been.,"passive voice, present perfect passive, has been cleaned"
b1-first-conditional-variation,B1,conditionals,conditionals,First conditional with unless and when,"Use unless to mean if not, and when for a future situation that is expected.",These words are common in real future conditions.,"Unless it rains, we will go out.","When I finish work, I will call you.","Unless it will rain, we will go out.","Unless it rains, we will go out.","In the unless-clause, use the present simple.","unless, when, first conditional"
b1-second-conditional-meaning,B1,conditionals,conditionals,Second conditional for imaginary situations,Use if + past simple and would + base verb for imaginary or unlikely present or future situations.,It describes a situation that is not real or not likely.,"If I had a car, I would drive to work.","If she lived closer, she would visit more often.","If I would have a car, I would drive to work.","If I had a car, I would drive to work.","In second conditional if-clauses, use the past simple, not would have.","second conditional, would, imaginary situations"
b1-third-conditional,B1,conditionals,conditionals,Third conditional for past regret,Use if + past perfect and would have + past participle to talk about unreal past situations.,It is often used for regrets or different past results.,"If I had studied, I would have passed.","If they had left earlier, they would have caught the train.","If I studied, I would have passed.","If I had studied, I would have passed.",Third conditional needs the past perfect in the if-clause.,"third conditional, past regret, would have"
b1-relative-pronouns-who-which-that,B1,clauses,relative clauses,Relative pronouns,"Use who for people, which for things, and that for people or things in defining clauses.",Relative pronouns connect two sentences.,The woman who called is my aunt.,The phone that I bought is new.,The woman which called is my aunt.,The woman who called is my aunt.,"Who is used for people, not which.","relative pronouns, who which that"
b1-reported-speech-present-simple-to-past-simple,B1,speech,reported speech,Reported speech changes,"In reported speech, present simple often changes to past simple.",Tenses usually move back when reporting what someone said.,He said that he was tired.,She told me that she liked the film.,He said that he is tired.,He said that he was tired.,"In reported speech, the tense often changes back.","reported speech, tense backshift, said that"
b1-articles-no-article-with-general-plural-or-uncountable,B1,articles,articles,No article for general plural and uncountable nouns,Do not use an article when talking generally about plural nouns or uncountable nouns.,Use no article for general meaning.,Dogs are friendly.,Milk is good for you.,The dogs are friendly.,Dogs are friendly.,"This is a general statement, so no article is needed.","articles, no article, general nouns"
b1-countable-uncountable-quantifiers,B1,determiners,countable and uncountable nouns,Quantifiers with countable and uncountable nouns,"Use many and few with countable nouns, and much and little with uncountable nouns.",Match the quantifier to the noun type.,Many students arrived early.,We have much homework.,We have many homework.,We have much homework.,"Homework is uncountable, so use much.","many much few little, countable uncountable"
